{
    "identityPoolName": "ddpwa0063633b_identitypool_0063633b",
    "allowUnauthenticatedIdentities": true,
    "resourceNameTruncated": "ddpwa0063633b",
    "userPoolName": "ddpwa0063633b_userpool_0063633b",
    "autoVerifiedAttributes": [
        "email"
    ],
    "mfaConfiguration": "OPTIONAL",
    "mfaTypes": [
        "SMS Text Message",
        "TOTP"
    ],
    "smsAuthenticationMessage": "Your authentication code is {####}",
    "smsVerificationMessage": "Your verification code is {####}",
    "emailVerificationSubject": "Moneo verification code",
    "emailVerificationMessage": "Your verification code is {####}",
    "defaultPasswordPolicy": true,
    "passwordPolicyMinLength": 8,
    "passwordPolicyCharacters": [
        "Requires Lowercase",
        "Requires Uppercase",
        "Requires Numbers",
        "Requires Symbols"
    ],
    "requiredAttributes": [
        "email"
    ],
    "userpoolClientGenerateSecret": true,
    "userpoolClientRefreshTokenValidity": 30,
    "userpoolClientWriteAttributes": [
        "address",
        "birthdate",
        "family_name",
        "middle_name",
        "gender",
        "locale",
        "given_name",
        "name",
        "nickname",
        "phone_number",
        "preferred_username",
        "picture",
        "profile",
        "updated_at",
        "website",
        "zoneinfo",
        "email"
    ],
    "userpoolClientReadAttributes": [
        "address",
        "birthdate",
        "email",
        "family_name",
        "middle_name",
        "gender",
        "locale",
        "given_name",
        "name",
        "nickname",
        "phone_number",
        "preferred_username",
        "picture",
        "profile",
        "updated_at",
        "website",
        "zoneinfo",
        "email_verified",
        "phone_number_verified"
    ],
    "userpoolClientLambdaRole": "ddpwa00063633b_userpoolclient_lambda_role",
    "userpoolClientSetAttributes": true,
    "sharedId": "0063633b",
    "resourceName": "ddpwa0063633b",
    "authSelections": "identityPoolAndUserPool",
    "authRoleArn": {
        "Fn::GetAtt": [
            "AuthRole",
            "Arn"
        ]
    },
    "unauthRoleArn": {
        "Fn::GetAtt": [
            "UnauthRole",
            "Arn"
        ]
    },
    "useDefault": "manual",
    "userPoolGroupList": [
        "app"
    ],
    "dependsOn": [
        {
            "category": "function",
            "resourceName": "ddpwa0063633bDefineAuthChallenge",
            "triggerProvider": "Cognito",
            "attributes": [
                "Arn",
                "Name"
            ]
        },
        {
            "category": "function",
            "resourceName": "ddpwa0063633bCreateAuthChallenge",
            "triggerProvider": "Cognito",
            "attributes": [
                "Arn",
                "Name"
            ]
        },
        {
            "category": "function",
            "resourceName": "ddpwa0063633bVerifyAuthChallengeResponse",
            "triggerProvider": "Cognito",
            "attributes": [
                "Arn",
                "Name"
            ]
        }
    ],
    "userPoolGroups": false,
    "adminQueries": true,
    "triggers": "{\n  \"DefineAuthChallenge\": [\n    \"captcha-define-challenge\"\n  ],\n  \"CreateAuthChallenge\": [\n    \"captcha-create-challenge\"\n  ],\n  \"VerifyAuthChallengeResponse\": [\n    \"captcha-verify\"\n  ]\n}",
    "hostedUI": false,
    "serviceName": "Cognito",
    "verificationBucketName": "ddpwa0063633bverificationbucket",
    "parentStack": {
        "Ref": "AWS::StackId"
    },
    "permissions": [],
    "authProviders": [],
    "thirdPartyAuth": false,
    "adminQueryGroup": "admin"
}