{
  "trigger": true,
  "modules": [
    "captcha-define-challenge"
  ],
  "parentResource": "ddpwa0063633b",
  "functionName": "ddpwa0063633bDefineAuthChallenge",
  "resourceName": "ddpwa0063633bDefineAuthChallenge",
  "parentStack": "auth",
  "triggerEnvs": [],
  "triggerDir": "C:\\Users\\umang\\AppData\\Roaming\\npm\\node_modules\\@aws-amplify\\cli\\node_modules\\amplify-category-auth\\provider-utils\\awscloudformation\\triggers\\DefineAuthChallenge",
  "triggerTemplate": "DefineAuthChallenge.json.ejs",
  "triggerEventPath": "DefineAuthChallenge.event.json",
  "roleName": "ddpwa0063633bDefineAuthChallenge",
  "skipEdit": true,
  "enableCors": false
}