{
  "lambdaLayers": [
    {
      "type": "ProjectLayer",
      "resourceName": "moneobhavutils",
      "env": "dev",
      "version": "Always choose latest version",
      "isLatestVersionSelected": true
    }
  ],
  "environmentVariableList": [
    {
      "cloudFormationParameterName": "apiGoalsGraphqlapiendpointoutput",
      "environmentVariableName": "API_GOALS_GRAPHQLAPIENDPOINTOUTPUT"
    },
    {
      "cloudFormationParameterName": "apiGoalsGraphqlapiidoutput",
      "environmentVariableName": "API_GOALS_GRAPHQLAPIIDOUTPUT"
    },
    {
      "cloudFormationParameterName": "eodApiKey",
      "environmentVariableName": "EOD_API_KEY"
    }
  ],
  "permissions": {
    "auth": {
      "ddpwa0063633b": [
        "create",
        "read",
        "update",
        "delete"
      ]
    }
  }
}