{
  "providers": {
    "awscloudformation": {
      "AuthRoleName": "amplify-ddpwa-dev-154010-authRole",
      "UnauthRoleArn": "arn:aws:iam::099259607472:role/amplify-ddpwa-dev-154010-unauthRole",
      "AuthRoleArn": "arn:aws:iam::099259607472:role/amplify-ddpwa-dev-154010-authRole",
      "Region": "us-east-1",
      "DeploymentBucketName": "amplify-ddpwa-dev-154010-deployment",
      "UnauthRoleName": "amplify-ddpwa-dev-154010-unauthRole",
      "StackName": "amplify-ddpwa-dev-154010",
      "StackId": "arn:aws:cloudformation:us-east-1:099259607472:stack/amplify-ddpwa-dev-154010/ef08b960-99b8-11ea-a3cb-1225390e8313",
      "AmplifyAppId": "d3gydqmgeem77i"
    }
  },
  "auth": {
    "ddpwa0063633b": {
      "service": "Cognito",
      "providerPlugin": "awscloudformation",
      "dependsOn": [
        {
          "category": "function",
          "resourceName": "ddpwa0063633bDefineAuthChallenge",
          "triggerProvider": "Cognito",
          "attributes": [
            "Arn",
            "Name"
          ]
        },
        {
          "category": "function",
          "resourceName": "ddpwa0063633bCreateAuthChallenge",
          "triggerProvider": "Cognito",
          "attributes": [
            "Arn",
            "Name"
          ]
        },
        {
          "category": "function",
          "resourceName": "ddpwa0063633bVerifyAuthChallengeResponse",
          "triggerProvider": "Cognito",
          "attributes": [
            "Arn",
            "Name"
          ]
        }
      ],
      "customAuth": false,
      "output": {
        "CreatedSNSRole": "arn:aws:iam::099259607472:role/sns0063633b154010-dev",
        "AppClientSecret": "11g4t9vsu8ldjdpbki31qs687pq6ufji89qfe1fa33dfmfpvjbg9",
        "UserPoolId": "us-east-1_BBncFECx0",
        "AppClientIDWeb": "4soeaje91bao53tapeq0cb7b94",
        "AppClientID": "5iri9gtq4nkojhbjft0jekmi24",
        "IdentityPoolId": "us-east-1:082d9d3f-a45b-480d-af35-64aeafd1bd9c",
        "IdentityPoolName": "ddpwa0063633b_identitypool_0063633b__dev",
        "UserPoolName": "ddpwa0063633b_userpool_0063633b"
      },
      "lastPushTimeStamp": "2021-09-02T11:24:32.456Z",
      "providerMetadata": {
        "s3TemplateURL": "https://s3.amazonaws.com/amplify-ddpwa-dev-154010-deployment/amplify-cfn-templates/auth/ddpwa0063633b-cloudformation-template.yml",
        "logicalId": "authddpwa0063633b"
      },
      "lastPushDirHash": "RaiHYP+84J6Z+zgkWi8jdZKvJ50="
    },
    "userPoolGroups": {
      "service": "Cognito-UserPool-Groups",
      "providerPlugin": "awscloudformation",
      "dependsOn": [
        {
          "category": "auth",
          "resourceName": "ddpwa0063633b",
          "attributes": [
            "UserPoolId",
            "AppClientIDWeb",
            "AppClientID",
            "IdentityPoolId"
          ]
        }
      ],
      "output": {
        "appGroupRole": "arn:aws:iam::099259607472:role/us-east-1_BBncFECx0-appGroupRole"
      },
      "lastPushTimeStamp": "2021-09-02T11:24:32.461Z",
      "providerMetadata": {
        "s3TemplateURL": "https://s3.amazonaws.com/amplify-ddpwa-dev-154010-deployment/amplify-cfn-templates/auth/template.json",
        "logicalId": "authuserPoolGroups"
      },
      "lastPushDirHash": "JyZYjFiE6dnvNYgsoGvbG+xcQTM="
    }
  },
  "api": {
    "goals": {
      "service": "AppSync",
      "providerPlugin": "awscloudformation",
      "output": {
        "authConfig": {
          "additionalAuthenticationProviders": [
            {
              "authenticationType": "AWS_IAM"
            }
          ],
          "defaultAuthentication": {
            "authenticationType": "AMAZON_COGNITO_USER_POOLS",
            "userPoolConfig": {
              "userPoolId": "authddpwa0063633b"
            }
          }
        },
        "GraphQLAPIIdOutput": "bvyjaqmusfh5zelcbeeji6xxoe",
        "GraphQLAPIEndpointOutput": "https://q5jdufebkjfgzn4upyqfi5sjga.appsync-api.us-east-1.amazonaws.com/graphql"
      },
      "lastPushTimeStamp": "2021-09-02T11:24:32.465Z",
      "providerMetadata": {
        "s3TemplateURL": "https://s3.amazonaws.com/amplify-ddpwa-dev-154010-deployment/amplify-cfn-templates/api/cloudformation-template.json",
        "logicalId": "apigoals"
      },
      "lastPushDirHash": "uSyXhSHVEFeaorTyhRlyTW/cCeo="
    },
    "AdminQueries": {
      "service": "API Gateway",
      "providerPlugin": "awscloudformation",
      "dependsOn": [
        {
          "category": "auth",
          "resourceName": "ddpwa0063633b",
          "attributes": [
            "UserPoolId"
          ]
        },
        {
          "category": "function",
          "resourceName": "AdminQueries9798a8c9",
          "attributes": [
            "Arn",
            "Name"
          ]
        }
      ],
      "output": {
        "ApiName": "AdminQueries",
        "RootUrl": "https://zxfkz0ic24.execute-api.us-east-1.amazonaws.com/dev"
      },
      "lastPushTimeStamp": "2021-09-02T11:24:32.468Z",
      "providerMetadata": {
        "s3TemplateURL": "https://s3.amazonaws.com/amplify-ddpwa-dev-154010-deployment/amplify-cfn-templates/api/admin-queries-cloudformation-template.json",
        "logicalId": "apiAdminQueries"
      }
    }
  },
  "function": {
    "AdminQueries9798a8c9": {
      "service": "Lambda",
      "providerPlugin": "awscloudformation",
      "build": true,
      "dependsOn": [
        {
          "category": "auth",
          "resourceName": "ddpwa0063633b",
          "attributes": [
            "UserPoolId"
          ]
        }
      ],
      "output": {
        "Region": "us-east-1",
        "Arn": "arn:aws:lambda:us-east-1:099259607472:function:AdminQueries9798a8c9-dev",
        "Name": "AdminQueries9798a8c9-dev",
        "LambdaExecutionRole": "AdminQueries9798a8c9LambdaRole-dev"
      },
      "lastPushTimeStamp": "2021-09-02T11:24:32.470Z",
      "providerMetadata": {
        "s3TemplateURL": "https://s3.amazonaws.com/amplify-ddpwa-dev-154010-deployment/amplify-cfn-templates/function/AdminQueries9798a8c9-cloudformation-template.json",
        "logicalId": "functionAdminQueries9798a8c9"
      },
      "lastBuildTimeStamp": "2021-08-24T03:44:00.200Z",
      "lastBuildType": "PROD",
      "lastPackageTimeStamp": "2021-08-24T03:44:16.879Z",
      "distZipFilename": "AdminQueries9798a8c9-7657462f55593243482f-build.zip",
      "s3Bucket": {
        "deploymentBucketName": "amplify-ddpwa-dev-154010-deployment",
        "s3Key": "amplify-builds/AdminQueries9798a8c9-7657462f55593243482f-build.zip"
      },
      "lastPushDirHash": "B5of5k7W4oD5onEKo4//+m9zme0="
    },
    "ddpwa0063633bDefineAuthChallenge": {
      "build": true,
      "providerPlugin": "awscloudformation",
      "service": "Lambda",
      "output": {
        "Region": "us-east-1",
        "Arn": "arn:aws:lambda:us-east-1:099259607472:function:ddpwa0063633bDefineAuthChallenge-dev",
        "Name": "ddpwa0063633bDefineAuthChallenge-dev",
        "LambdaExecutionRole": "ddpwa0063633bDefineAuthChallenge-dev"
      },
      "lastPushTimeStamp": "2021-09-02T11:24:32.472Z",
      "providerMetadata": {
        "s3TemplateURL": "https://s3.amazonaws.com/amplify-ddpwa-dev-154010-deployment/amplify-cfn-templates/function/ddpwa0063633bDefineAuthChallenge-cloudformation-template.json",
        "logicalId": "functionddpwa0063633bDefineAuthChallenge"
      },
      "lastBuildTimeStamp": "2021-08-24T03:44:00.208Z",
      "lastBuildType": "PROD",
      "lastPackageTimeStamp": "2021-08-24T03:44:03.782Z",
      "distZipFilename": "ddpwa0063633bDefineAuthChallenge-5a6d362b303859677957-build.zip",
      "s3Bucket": {
        "deploymentBucketName": "amplify-ddpwa-dev-154010-deployment",
        "s3Key": "amplify-builds/ddpwa0063633bDefineAuthChallenge-5a6d362b303859677957-build.zip"
      },
      "lastPushDirHash": "Pw0AvYuscwbwV332/hOOA/71f7Q="
    },
    "ddpwa0063633bCreateAuthChallenge": {
      "build": true,
      "providerPlugin": "awscloudformation",
      "service": "Lambda",
      "output": {
        "Region": "us-east-1",
        "Arn": "arn:aws:lambda:us-east-1:099259607472:function:ddpwa0063633bCreateAuthChallenge-dev",
        "Name": "ddpwa0063633bCreateAuthChallenge-dev",
        "LambdaExecutionRole": "ddpwa0063633bCreateAuthChallenge-dev"
      },
      "lastPushTimeStamp": "2021-09-02T11:24:32.474Z",
      "providerMetadata": {
        "s3TemplateURL": "https://s3.amazonaws.com/amplify-ddpwa-dev-154010-deployment/amplify-cfn-templates/function/ddpwa0063633bCreateAuthChallenge-cloudformation-template.json",
        "logicalId": "functionddpwa0063633bCreateAuthChallenge"
      },
      "lastBuildTimeStamp": "2021-08-24T03:44:00.213Z",
      "lastBuildType": "PROD",
      "lastPackageTimeStamp": "2021-08-24T03:44:03.851Z",
      "distZipFilename": "ddpwa0063633bCreateAuthChallenge-304f5a78677469624648-build.zip",
      "s3Bucket": {
        "deploymentBucketName": "amplify-ddpwa-dev-154010-deployment",
        "s3Key": "amplify-builds/ddpwa0063633bCreateAuthChallenge-304f5a78677469624648-build.zip"
      },
      "lastPushDirHash": "lIgYACfb0L9adQhRE0kOrTm1f8g="
    },
    "ddpwa0063633bVerifyAuthChallengeResponse": {
      "build": true,
      "providerPlugin": "awscloudformation",
      "service": "Lambda",
      "output": {
        "Region": "us-east-1",
        "Arn": "arn:aws:lambda:us-east-1:099259607472:function:ddpwa0063633bVerifyAuthChallengeResponse-dev",
        "Name": "ddpwa0063633bVerifyAuthChallengeResponse-dev",
        "LambdaExecutionRole": "ddpwa0063633bVerifyAuthChallengeResponse-dev"
      },
      "lastPushTimeStamp": "2021-09-02T11:24:32.476Z",
      "providerMetadata": {
        "s3TemplateURL": "https://s3.amazonaws.com/amplify-ddpwa-dev-154010-deployment/amplify-cfn-templates/function/ddpwa0063633bVerifyAuthChallengeResponse-cloudformation-template.json",
        "logicalId": "functionddpwa0063633bVerifyAuthChallengeResponse"
      },
      "lastBuildTimeStamp": "2021-08-24T03:44:00.219Z",
      "lastBuildType": "PROD",
      "lastPackageTimeStamp": "2021-08-24T03:44:05.621Z",
      "distZipFilename": "ddpwa0063633bVerifyAuthChallengeResponse-455851706d494e4b616d-build.zip",
      "s3Bucket": {
        "deploymentBucketName": "amplify-ddpwa-dev-154010-deployment",
        "s3Key": "amplify-builds/ddpwa0063633bVerifyAuthChallengeResponse-455851706d494e4b616d-build.zip"
      },
      "lastPushDirHash": "XnvPcj/JHbuUhXMzqLBDWVqOjKo="
    },
    "insprice": {
      "build": true,
      "providerPlugin": "awscloudformation",
      "service": "Lambda",
      "dependsOn": [
        {
          "category": "function",
          "resourceName": "moneobhavutils",
          "attributes": [
            "Arn"
          ]
        },
        {
          "category": "auth",
          "resourceName": "ddpwa0063633b",
          "attributes": [
            "UserPoolId"
          ]
        }
      ],
      "output": {
        "Region": "us-east-1",
        "CloudWatchEventRule": "amplify-ddpwa-dev-154010-functioni-CloudWatchEvent-RC2ZGEYIAMQH",
        "Arn": "arn:aws:lambda:us-east-1:099259607472:function:insprice-dev",
        "Name": "insprice-dev",
        "LambdaExecutionRole": "moneoLambdaRole54cda0ba-dev"
      },
      "lastPushTimeStamp": "2021-09-02T11:24:32.479Z",
      "providerMetadata": {
        "s3TemplateURL": "https://s3.amazonaws.com/amplify-ddpwa-dev-154010-deployment/amplify-cfn-templates/function/insprice-cloudformation-template.json",
        "logicalId": "functioninsprice"
      },
      "lastBuildTimeStamp": "2021-09-02T09:13:42.230Z",
      "lastBuildType": "PROD",
      "lastPackageTimeStamp": "2021-09-02T09:13:45.654Z",
      "distZipFilename": "insprice-6a624f4a656879315148-build.zip",
      "s3Bucket": {
        "deploymentBucketName": "amplify-ddpwa-dev-154010-deployment",
        "s3Key": "amplify-builds/insprice-6a624f4a656879315148-build.zip"
      },
      "lastPushDirHash": "7BsAAjGz0CvMvNpDkO9siRZlhks="
    },
    "EODPrice": {
      "build": true,
      "providerPlugin": "awscloudformation",
      "service": "Lambda",
      "dependsOn": [
        {
          "category": "function",
          "resourceName": "moneobhavutils",
          "attributes": [
            "Arn"
          ]
        },
        {
          "category": "auth",
          "resourceName": "ddpwa0063633b",
          "attributes": [
            "UserPoolId"
          ]
        }
      ],
      "output": {
        "Region": "us-east-1",
        "CloudWatchEventRule": "amplify-ddpwa-dev-154010-functionE-CloudWatchEvent-1JII7XFEW0QKU",
        "Arn": "arn:aws:lambda:us-east-1:099259607472:function:EODPrice-dev",
        "Name": "EODPrice-dev",
        "LambdaExecutionRole": "moneoLambdaRoleac578c4f-dev"
      },
      "lastPushTimeStamp": "2021-09-02T11:24:32.481Z",
      "providerMetadata": {
        "s3TemplateURL": "https://s3.amazonaws.com/amplify-ddpwa-dev-154010-deployment/amplify-cfn-templates/function/EODPrice-cloudformation-template.json",
        "logicalId": "functionEODPrice"
      },
      "lastBuildTimeStamp": "2021-09-02T09:13:42.244Z",
      "lastBuildType": "PROD",
      "lastPackageTimeStamp": "2021-09-02T09:13:43.303Z",
      "distZipFilename": "EODPrice-5a365432397242467956-build.zip",
      "s3Bucket": {
        "deploymentBucketName": "amplify-ddpwa-dev-154010-deployment",
        "s3Key": "amplify-builds/EODPrice-5a365432397242467956-build.zip"
      },
      "lastPushDirHash": "znHRj6vwGfD8BAuEJgnKmff/f54="
    },
    "MFPrice": {
      "build": true,
      "providerPlugin": "awscloudformation",
      "service": "Lambda",
      "dependsOn": [
        {
          "category": "auth",
          "resourceName": "ddpwa0063633b",
          "attributes": [
            "UserPoolId"
          ]
        },
        {
          "category": "function",
          "resourceName": "moneobhavutils",
          "attributes": [
            "Arn"
          ]
        }
      ],
      "output": {
        "Region": "us-east-1",
        "CloudWatchEventRule": "amplify-ddpwa-dev-154010-functionM-CloudWatchEvent-1BPOLQIF9GJOA",
        "Arn": "arn:aws:lambda:us-east-1:099259607472:function:MFPrice-dev",
        "Name": "MFPrice-dev",
        "LambdaExecutionRole": "moneoLambdaRole625f7357-dev"
      },
      "lastPushTimeStamp": "2021-09-02T11:24:34.201Z",
      "providerMetadata": {
        "s3TemplateURL": "https://s3.amazonaws.com/amplify-ddpwa-dev-154010-deployment/amplify-cfn-templates/function/MFPrice-cloudformation-template.json",
        "logicalId": "functionMFPrice"
      },
      "lastBuildTimeStamp": "2021-09-02T11:22:45.444Z",
      "lastBuildType": "PROD",
      "lastPackageTimeStamp": "2021-09-02T11:22:45.678Z",
      "distZipFilename": "MFPrice-4d58454b445164546841-build.zip",
      "s3Bucket": {
        "deploymentBucketName": "amplify-ddpwa-dev-154010-deployment",
        "s3Key": "amplify-builds/MFPrice-4d58454b445164546841-build.zip"
      },
      "lastPushDirHash": "fE8yv78ENYhBRj3Hc+qszJv0NN0="
    },
    "INBond": {
      "build": true,
      "providerPlugin": "awscloudformation",
      "service": "Lambda",
      "dependsOn": [
        {
          "category": "function",
          "resourceName": "moneobhavutils",
          "attributes": [
            "Arn"
          ]
        },
        {
          "category": "auth",
          "resourceName": "ddpwa0063633b",
          "attributes": [
            "UserPoolId"
          ]
        }
      ],
      "lastBuildTimeStamp": "2021-09-02T08:57:08.464Z",
      "lastBuildType": "PROD",
      "lastPackageTimeStamp": "2021-09-02T08:57:09.906Z",
      "distZipFilename": "INBond-44494f6570632f664370-build.zip",
      "s3Bucket": {
        "deploymentBucketName": "amplify-ddpwa-dev-154010-deployment",
        "s3Key": "amplify-builds/INBond-44494f6570632f664370-build.zip"
      },
      "providerMetadata": {
        "s3TemplateURL": "https://s3.amazonaws.com/amplify-ddpwa-dev-154010-deployment/amplify-cfn-templates/function/INBond-cloudformation-template.json",
        "logicalId": "functionINBond"
      },
      "lastPushTimeStamp": "2021-09-02T11:24:32.485Z",
      "output": {
        "Region": "us-east-1",
        "CloudWatchEventRule": "amplify-ddpwa-dev-154010-functionI-CloudWatchEvent-11V5PR317CTN5",
        "Arn": "arn:aws:lambda:us-east-1:099259607472:function:INBond-dev",
        "Name": "INBond-dev",
        "LambdaExecutionRole": "moneoLambdaRolebec9d35f-dev"
      },
      "lastPushDirHash": "E1xSg19XVWkqn5/1/ntxo770Dsk="
    },
    "moneobhavutils": {
      "providerPlugin": "awscloudformation",
      "service": "LambdaLayer",
      "build": true,
      "lastBuildTimeStamp": "2021-09-02T11:22:45.448Z",
      "lastBuildType": "PROD",
      "lastPackageTimeStamp": "2021-09-02T11:18:11.276Z",
      "distZipFilename": "moneobhavutils-LambdaLayerVersion5b8300f8-build.zip",
      "latestPushedVersionHash": "86ef6d7cb7a140f5c43af00e07bc8b0a481f79f4f5f28cf8d099250ba1386fd5",
      "s3Bucket": {
        "deploymentBucketName": "amplify-ddpwa-dev-154010-deployment",
        "s3Key": "amplify-builds/moneobhavutils-LambdaLayerVersion5b8300f8-build.zip"
      },
      "providerMetadata": {
        "s3TemplateURL": "https://s3.amazonaws.com/amplify-ddpwa-dev-154010-deployment/amplify-cfn-templates/function/moneobhavutils-awscloudformation-template.json",
        "logicalId": "functionmoneobhavutils"
      },
      "lastPushTimeStamp": "2021-09-02T11:24:34.201Z",
      "output": {
        "Arn": "arn:aws:lambda:us-east-1:099259607472:layer:moneobhavutils-dev:7"
      }
    }
  },
  "storage": {
    "goalimages": {
      "service": "S3",
      "providerPlugin": "awscloudformation",
      "dependsOn": [],
      "output": {
        "BucketName": "goal-images154010-dev",
        "Region": "us-east-1"
      },
      "lastPushTimeStamp": "2021-09-02T11:24:32.488Z",
      "providerMetadata": {
        "s3TemplateURL": "https://s3.amazonaws.com/amplify-ddpwa-dev-154010-deployment/amplify-cfn-templates/storage/s3-cloudformation-template.json",
        "logicalId": "storagegoalimages"
      },
      "lastPushDirHash": "sCw2T+CQG0y+hDLwsNrH7HWhPEc="
    }
  }
}