{
  "auth": {
    "ddpwa0063633b": {
      "service": "Cognito",
      "providerPlugin": "awscloudformation",
      "dependsOn": [
        {
          "category": "function",
          "resourceName": "ddpwa0063633bDefineAuthChallenge",
          "triggerProvider": "Cognito",
          "attributes": [
            "Arn",
            "Name"
          ]
        },
        {
          "category": "function",
          "resourceName": "ddpwa0063633bCreateAuthChallenge",
          "triggerProvider": "Cognito",
          "attributes": [
            "Arn",
            "Name"
          ]
        },
        {
          "category": "function",
          "resourceName": "ddpwa0063633bVerifyAuthChallengeResponse",
          "triggerProvider": "Cognito",
          "attributes": [
            "Arn",
            "Name"
          ]
        }
      ],
      "customAuth": false
    },
    "userPoolGroups": {
      "service": "Cognito-UserPool-Groups",
      "providerPlugin": "awscloudformation",
      "dependsOn": [
        {
          "category": "auth",
          "resourceName": "ddpwa0063633b",
          "attributes": [
            "UserPoolId",
            "AppClientIDWeb",
            "AppClientID",
            "IdentityPoolId"
          ]
        }
      ]
    }
  },
  "api": {
    "goals": {
      "service": "AppSync",
      "providerPlugin": "awscloudformation",
      "output": {
        "authConfig": {
          "additionalAuthenticationProviders": [
            {
              "authenticationType": "AWS_IAM"
            }
          ],
          "defaultAuthentication": {
            "authenticationType": "AMAZON_COGNITO_USER_POOLS",
            "userPoolConfig": {
              "userPoolId": "authddpwa0063633b"
            }
          }
        }
      }
    },
    "AdminQueries": {
      "service": "API Gateway",
      "providerPlugin": "awscloudformation",
      "dependsOn": [
        {
          "category": "auth",
          "resourceName": "ddpwa0063633b",
          "attributes": [
            "UserPoolId"
          ]
        },
        {
          "category": "function",
          "resourceName": "AdminQueries9798a8c9",
          "attributes": [
            "Arn",
            "Name"
          ]
        }
      ]
    }
  },
  "function": {
    "AdminQueries9798a8c9": {
      "service": "Lambda",
      "providerPlugin": "awscloudformation",
      "build": true,
      "dependsOn": [
        {
          "category": "auth",
          "resourceName": "ddpwa0063633b",
          "attributes": [
            "UserPoolId"
          ]
        }
      ]
    },
    "ddpwa0063633bDefineAuthChallenge": {
      "build": true,
      "providerPlugin": "awscloudformation",
      "service": "Lambda"
    },
    "ddpwa0063633bCreateAuthChallenge": {
      "build": true,
      "providerPlugin": "awscloudformation",
      "service": "Lambda"
    },
    "ddpwa0063633bVerifyAuthChallengeResponse": {
      "build": true,
      "providerPlugin": "awscloudformation",
      "service": "Lambda"
    },
    "insprice": {
      "build": true,
      "providerPlugin": "awscloudformation",
      "service": "Lambda",
      "dependsOn": [
        {
          "category": "function",
          "resourceName": "moneobhavutils",
          "attributes": [
            "Arn"
          ]
        },
        {
          "category": "auth",
          "resourceName": "ddpwa0063633b",
          "attributes": [
            "UserPoolId"
          ]
        }
      ]
    },
    "EODPrice": {
      "build": true,
      "providerPlugin": "awscloudformation",
      "service": "Lambda",
      "dependsOn": [
        {
          "category": "function",
          "resourceName": "moneobhavutils",
          "attributes": [
            "Arn"
          ]
        },
        {
          "category": "auth",
          "resourceName": "ddpwa0063633b",
          "attributes": [
            "UserPoolId"
          ]
        }
      ]
    },
    "MFPrice": {
      "build": true,
      "providerPlugin": "awscloudformation",
      "service": "Lambda",
      "dependsOn": [
        {
          "category": "function",
          "resourceName": "moneobhavutils",
          "attributes": [
            "Arn"
          ]
        },
        {
          "category": "auth",
          "resourceName": "ddpwa0063633b",
          "attributes": [
            "UserPoolId"
          ]
        }
      ]
    },
    "INBond": {
      "build": true,
      "providerPlugin": "awscloudformation",
      "service": "Lambda",
      "dependsOn": [
        {
          "category": "function",
          "resourceName": "moneobhavutils",
          "attributes": [
            "Arn"
          ]
        },
        {
          "category": "auth",
          "resourceName": "ddpwa0063633b",
          "attributes": [
            "UserPoolId"
          ]
        }
      ]
    },
    "moneobhavutils": {
      "providerPlugin": "awscloudformation",
      "service": "LambdaLayer",
      "build": true
    }
  },
  "storage": {
    "goalimages": {
      "service": "S3",
      "providerPlugin": "awscloudformation",
      "dependsOn": []
    }
  }
}